{
  "dataset": "cic2018",
  "model": "svm",
  "display_name": "SVM (SGD)",
  "accuracy": 0.9254,
  "training_time_sec": 0.84,
  "needs_scaler": true,
  "report": {
    "BENIGN": {
      "precision": 0.6835334476843911,
      "recall": 0.9343493552168816,
      "f1-score": 0.7894997523526498,
      "support": 853.0
    },
    "BruteForce": {
      "precision": 0.9964850615114236,
      "recall": 0.9947368421052631,
      "f1-score": 0.9956101843722563,
      "support": 1140.0
    },
    "DDoS": {
      "precision": 0.9928198433420365,
      "recall": 0.9941176470588236,
      "f1-score": 0.9934683213585892,
      "support": 1530.0
    },
    "DoS": {
      "precision": 0.9884393063583815,
      "recall": 1.0,
      "f1-score": 0.9941860465116279,
      "support": 1881.0
    },
    "Infiltration": {
      "precision": 0.7647058823529411,
      "recall": 0.2208067940552017,
      "f1-score": 0.342668863261944,
      "support": 471.0
    },
    "accuracy": 0.9254468085106383,
    "macro avg": {
      "precision": 0.8851967082498348,
      "recall": 0.828802127687234,
      "f1-score": 0.8230866335714134,
      "support": 5875.0
    },
    "weighted avg": {
      "precision": 0.928934836963315,
      "recall": 0.9254468085106383,
      "f1-score": 0.9123244968007781,
      "support": 5875.0
    }
  }
}