{
  "dataset": "cic2018",
  "model": "logistic_regression",
  "display_name": "Logistic Regression",
  "accuracy": 0.9248,
  "training_time_sec": 1.39,
  "needs_scaler": true,
  "report": {
    "BENIGN": {
      "precision": 0.679324894514768,
      "recall": 0.943728018757327,
      "f1-score": 0.7899901864573111,
      "support": 853.0
    },
    "BruteForce": {
      "precision": 0.9964850615114236,
      "recall": 0.9947368421052631,
      "f1-score": 0.9956101843722563,
      "support": 1140.0
    },
    "DDoS": {
      "precision": 0.9921517331589274,
      "recall": 0.9915032679738562,
      "f1-score": 0.99182739457339,
      "support": 1530.0
    },
    "DoS": {
      "precision": 0.9925886712546321,
      "recall": 0.9968102073365231,
      "f1-score": 0.9946949602122016,
      "support": 1881.0
    },
    "Infiltration": {
      "precision": 0.7611940298507462,
      "recall": 0.21656050955414013,
      "f1-score": 0.3371900826446281,
      "support": 471.0
    },
    "accuracy": 0.9247659574468086,
    "macro avg": {
      "precision": 0.8843488780580995,
      "recall": 0.828667769145422,
      "f1-score": 0.8218625616519575,
      "support": 5875.0
    },
    "weighted avg": {
      "precision": 0.9291967549901179,
      "recall": 0.9247659574468086,
      "f1-score": 0.9116920684280027,
      "support": 5875.0
    }
  }
}