{
  "dataset": "cic2017",
  "model": "decision_tree",
  "display_name": "Decision Tree",
  "accuracy": 0.997,
  "training_time_sec": 0.17,
  "needs_scaler": false,
  "report": {
    "BENIGN": {
      "precision": 0.9994296577946769,
      "recall": 0.99677664012135,
      "f1-score": 0.9981013859882286,
      "support": 5274.0
    },
    "BruteForce": {
      "precision": 0.9701492537313433,
      "recall": 1.0,
      "f1-score": 0.9848484848484849,
      "support": 65.0
    },
    "DDoS": {
      "precision": 0.9982014388489209,
      "recall": 1.0,
      "f1-score": 0.9990999099909991,
      "support": 555.0
    },
    "DoS": {
      "precision": 0.9881516587677726,
      "recall": 0.996415770609319,
      "f1-score": 0.992266508030934,
      "support": 837.0
    },
    "Infiltration": {
      "precision": 0.2,
      "recall": 1.0,
      "f1-score": 0.3333333333333333,
      "support": 1.0
    },
    "accuracy": 0.9970291146761735,
    "macro avg": {
      "precision": 0.8311864018285426,
      "recall": 0.9986384821461339,
      "f1-score": 0.861529924438396,
      "support": 6732.0
    },
    "weighted avg": {
      "precision": 0.9975247257355079,
      "recall": 0.9970291146761735,
      "f1-score": 0.9972315377031046,
      "support": 6732.0
    }
  }
}