{
  "dataset": "cic2018",
  "model": "random_forest",
  "display_name": "Random Forest",
  "accuracy": 0.9094,
  "training_time_sec": 0.36,
  "needs_scaler": false,
  "report": {
    "BENIGN": {
      "precision": 0.7470414201183432,
      "recall": 0.5920281359906213,
      "f1-score": 0.6605624591236102,
      "support": 853.0
    },
    "BruteForce": {
      "precision": 1.0,
      "recall": 0.9947368421052631,
      "f1-score": 0.9973614775725593,
      "support": 1140.0
    },
    "DDoS": {
      "precision": 0.9807568954457986,
      "recall": 0.9993464052287582,
      "f1-score": 0.9899643897701521,
      "support": 1530.0
    },
    "DoS": {
      "precision": 0.9984025559105432,
      "recall": 0.9968102073365231,
      "f1-score": 0.9976057462090981,
      "support": 1881.0
    },
    "Infiltration": {
      "precision": 0.47770700636942676,
      "recall": 0.6369426751592356,
      "f1-score": 0.545950864422202,
      "support": 471.0
    },
    "accuracy": 0.9094468085106383,
    "macro avg": {
      "precision": 0.8407815755688223,
      "recall": 0.8439728531640803,
      "f1-score": 0.8382889874195243,
      "support": 5875.0
    },
    "weighted avg": {
      "precision": 0.9158773768614044,
      "recall": 0.9094468085106383,
      "f1-score": 0.9104232585830911,
      "support": 5875.0
    }
  }
}