{
  "dataset": "cic2018",
  "model": "decision_tree",
  "display_name": "Decision Tree",
  "accuracy": 0.9004,
  "training_time_sec": 0.17,
  "needs_scaler": false,
  "report": {
    "BENIGN": {
      "precision": 0.8058035714285714,
      "recall": 0.4232121922626026,
      "f1-score": 0.5549577248270561,
      "support": 853.0
    },
    "BruteForce": {
      "precision": 0.9973753280839895,
      "recall": 1.0,
      "f1-score": 0.9986859395532195,
      "support": 1140.0
    },
    "DDoS": {
      "precision": 0.9986885245901639,
      "recall": 0.9954248366013072,
      "f1-score": 0.9970540098199673,
      "support": 1530.0
    },
    "DoS": {
      "precision": 0.9984025559105432,
      "recall": 0.9968102073365231,
      "f1-score": 0.9976057462090981,
      "support": 1881.0
    },
    "Infiltration": {
      "precision": 0.4438138479001135,
      "recall": 0.8301486199575372,
      "f1-score": 0.5784023668639053,
      "support": 471.0
    },
    "accuracy": 0.9004255319148936,
    "macro avg": {
      "precision": 0.8488167655826763,
      "recall": 0.849119171231594,
      "f1-score": 0.8253411574546492,
      "support": 5875.0
    },
    "weighted avg": {
      "precision": 0.9258524754205882,
      "recall": 0.9004255319148936,
      "f1-score": 0.8997953138391339,
      "support": 5875.0
    }
  }
}